1	hensonalex	r&8!hOqDXR	anthony34@hotmail.com	Jamie Mays	Media planner	34	non binary	any	151.751645	-63.925160
2	lrobinson	!n#6bWYfpB	griffinseth@yahoo.com	Daniel Flores	Writer	31	male	any	-114.541052	87.7124625
3	nguyenbilly	(7O32ZtB(&	woodjohn@hotmail.com	Ashley Williams	Psychotherapist, dance movement	19	female	any	31.076507	21.814527
4	whitney40	%7SRHu!YEx	zsutton@gmail.com	Tanya Garcia	Research scientist (physical sciences)	30	non binary	female	1.532018	64.538874
5	kimberlykent	Zm!1LQf&pd	sschneider@gmail.com	Tasha Harris	Scientist, research (life sciences)	21	female	female	-18.624917	-85.6791815
6	browndaniel	)yEn7PH@m*	bishopmiguel@yahoo.com	Nancy Morales	Broadcast journalist	29	female	any	-138.259427	47.977381
7	khanryan	VN2ESKgtp_	masonandrew@hotmail.com	Julie Wood	Doctor, general practice	40	non binary	male	1.913540	80.045969
8	areyes	#G8FFZ_j$B	zthomas@hotmail.com	Thomas Burnett	Primary school teacher	40	male	any	67.666676	50.0059615
9	troyquinn	(wkHnUZys1	gallagherfrancis@gmail.com	Joan Jones	Cartographer	21	female	any	-175.107401	7.5437105
10	danielturner	Z*a8L6UIHx	diazmary@yahoo.com	Robert Serrano	Statistician	19	male	male	-86.289154	27.133878
11	mckinneysusan	+83qV)zlV^	mannlori@gmail.com	Erin Graham	Building control surveyor	31	female	male	-32.663070	-8.6422245
12	lhughes	X7WnSp(&$%	rphelps@gmail.com	Gloria Mason	Homeopath	38	female	female	177.043736	87.9252475
13	moralestammy	)4bSD8jHUO	danielstheresa@gmail.com	Mindy Clark	Industrial buyer	35	female	any	-91.193546	-63.471985
14	thomasdaniel	*gf+#bue4Y	rbray@yahoo.com	Kimberly Jackson	Licensed conveyancer	38	female	any	12.260435	-4.646799
15	kimberlyhowe	E)I1n!Vxmc	dixonstacy@yahoo.com	Jerry Escobar	Furniture conservator/restorer	39	non binary	any	-165.272720	-79.8900115
16	jacob45	(2&AgUvp7v	john00@gmail.com	Katherine Wright	Biochemist, clinical	31	female	male	23.226377	48.796196
17	kevin37	!1sGB(BC$d	rosstonya@gmail.com	Angela Cameron	Ship broker	33	female	male	-179.340579	-63.740796
18	lrivera	(onXJYFY3L	hilleric@yahoo.com	Nathan Pratt	Barista	19	male	any	128.877974	28.543833
19	victortucker	F0JMcYiT+@	amandagarcia@gmail.com	Emily Hunt	Science writer	24	female	female	63.276025	-57.6367645
20	debbie03	)ml_fNfBO7	smendez@hotmail.com	Jackie Silva	Geophysicist/field seismologist	22	non binary	any	149.854027	48.8466985
21	lstark	#qNXQf4RF4	james15@hotmail.com	Felicia Logan	Radiation protection practitioner	39	female	female	-68.738796	71.0860525
22	morrismatthew	t^J7MhLla_	baileyfrank@yahoo.com	Kyle Sweeney	Public relations officer	36	male	any	93.365946	-62.624181
23	fernandezchristopher	$3VzbT+g^4	matthewperkins@yahoo.com	Jason Mccarty	Accountant, chartered management	20	male	any	-103.185909	-33.1542485
24	patrick16	*QNjW0rbc8	browndavid@hotmail.com	Samantha Brown	Editorial assistant	25	female	male	-165.213035	69.8398105
25	cochranbrian	423KogT2$Z	codysmith@yahoo.com	Jeremy Moran	Clothing/textile technologist	31	non binary	male	79.332215	-40.4828935
26	combsdebra	)9OlNk&P&h	mkelly@gmail.com	Amber Jenkins	Lexicographer	23	female	any	64.210352	18.411761
27	marcusdunn	CQ3pYrRi(j	billy54@hotmail.com	Vincent Adams	Bonds trader	28	non binary	female	164.992103	-11.438221
28	mmoore	jn9DrUslP)	kyle68@gmail.com	Andrew Perkins	Sports therapist	18	male	any	125.355403	-82.962850
29	sarahperkins	@5XQiPj@#h	laurenruiz@yahoo.com	Jeffrey Olson	Information officer	18	male	female	-126.825405	21.968669
30	keith20	b+1A^y)xmx	rphillips@gmail.com	Justin Warren	Editorial assistant	23	non binary	female	-171.360072	39.654107
31	xgardner	G*3Dim+xUt	melissasmith@gmail.com	Adam Leon	Economist	19	male	any	-155.959828	73.7638025
32	heather31	!X1#(Bcufz	christopher60@yahoo.com	Jennifer Johnson	Theatre director	38	female	male	-170.123039	-57.9438055
33	collierbriana	J0Z(!ay#@4	gouldkeith@yahoo.com	Deborah Collins	Multimedia specialist	30	female	any	-74.310188	29.9311135
34	lisavargas	*Ftp60Lx&1	maysmelissa@gmail.com	Jennifer David	Designer, multimedia	33	female	female	178.193502	78.4229125
35	robert37	#0U8M*lv1!	jeremiah30@gmail.com	Melissa Cunningham MD	Accounting technician	39	female	any	116.644697	64.0011545
36	deanrichard	o2(0T5Vchp	sbell@gmail.com	Tricia Melton	Engineer, site	21	female	male	176.704907	44.152389
37	sanchezerica	6JdXfn(e&P	amandasalinas@yahoo.com	Keith Brown	Sports coach	19	male	any	-80.815613	78.159938
38	wanderson	_99SqMVhvZ	nicholas56@hotmail.com	Amy Smith	Industrial/product designer	18	female	male	-58.968858	-6.651134
39	susan06	)9kgodMZo#	peter35@gmail.com	Melinda Caldwell	Production assistant, radio	36	female	male	147.112427	-80.245833
40	frankmacdonald	9Pg3$YyA$C	steven64@hotmail.com	Jessica Garcia	Interpreter	39	female	male	88.528926	74.425887
41	tstevens	(1^NS&HmrE	gloria23@gmail.com	Matthew Perry	Surveyor, insurance	19	male	female	46.403097	-72.762233
42	tammyrogers	*N3alZUb^U	lindahahn@yahoo.com	Jennifer Jimenez	Consulting civil engineer	27	female	female	59.409485	-72.7220065
43	villegasalexandria	h0AALkCp(A	tdaniel@gmail.com	Nicholas Franco	Physicist, medical	18	non binary	any	-43.360774	25.9134735
44	john35	7#z_0EqcWC	micheal71@yahoo.com	Alejandro Waters	Surveyor, minerals	21	male	male	-60.525321	-85.644864
45	williamsanthony	0r7wEfbmu!	ahumphrey@hotmail.com	John Lee	Secondary school teacher	21	male	any	-131.790833	34.397911
46	johnsonrichard	Y)4PMJPv+8	adamslindsey@hotmail.com	Maureen Jones	Electrical engineer	27	female	female	-81.435424	44.9881555
47	taylorlarsen	4c6#7Iyi)F	wernernicole@hotmail.com	John Peterson	Scientist, research (life sciences)	23	male	male	-179.969634	-55.647649
48	lsmith	FW3LgiwN^$	dominiquesteele@hotmail.com	Noah Sosa	Tourism officer	28	male	female	166.267516	40.3492425
49	michelleroberts	(4RKoBYkBc	lee34@yahoo.com	Cassie Baldwin	Embryologist, clinical	31	non binary	male	77.761945	-31.733184
50	hsmith	NZTw8HKe#0	vincenttimothy@hotmail.com	Michael Bell	Engineer, energy	27	male	any	-43.785717	-64.486842
51	ygray	D7nPi0oy*(	mark94@yahoo.com	Stephen Green	Chief Operating Officer	33	non binary	male	13.373033	47.543976
52	cynthia03	&q)2EMWol0	phillip01@yahoo.com	Theresa Miller	Water engineer	31	non binary	male	-159.618088	83.762168
53	bishoplaurie	$tKx^YDn8m	currygerald@yahoo.com	Victoria Blair	Programmer, systems	34	female	male	-67.811682	82.8920245
54	jackmathis	eq5u0NuR&C	laurie66@yahoo.com	Tyler Shelton	Sports administrator	34	non binary	female	-51.661520	81.755631
55	mroberts	jf5FS*xRb@	samanthahenderson@hotmail.com	Dillon Williams	Scientific laboratory technician	31	non binary	male	-174.515213	-55.1505225
56	qmerritt	*D4FkYc9qf	martinpamela@hotmail.com	James Ray	Web designer	19	non binary	female	84.819364	81.4170795
57	kevin47	iQ*9RgFk9v	stephaniewalton@yahoo.com	Paul Floyd	Further education lecturer	26	male	any	-17.222693	73.4129175
58	maria80	%i8Vjmin$4	jessicawhitaker@yahoo.com	Calvin Wright	General practice doctor	21	non binary	female	-74.828070	-63.350510
59	vwilliams	%9+Ghb3@&f	alicia57@hotmail.com	Corey Cameron	Clothing/textile technologist	26	non binary	male	94.368062	53.807967
60	barnesjennifer	Y%X2GGbnUj	kevinschmidt@yahoo.com	James Hernandez	Runner, broadcasting/film/video	22	non binary	any	140.999228	-18.176773
61	carolynjones	d6BY(GNt+F	jennifer36@hotmail.com	Natasha Brown	Secondary school teacher	35	non binary	any	-83.800215	14.358971
62	james53	8QVHy1tg^y	jacksonjoshua@hotmail.com	Patricia Smith	Make	33	female	any	116.286700	-1.819911
63	evargas	w+)7&DIifx	clarkangel@hotmail.com	Stephanie Norman	Publishing copy	28	female	female	-89.304936	-28.600515
64	estradajamie	tq6^_BS5*5	michele85@yahoo.com	Tiffany Cortez	Operational investment banker	38	non binary	male	1.611689	76.467243
65	jermaine44	_(9#PMXzb1	leonard61@yahoo.com	Emily Smith	Therapist, horticultural	38	non binary	any	4.185128	-57.630805
66	brittany02	4iKKv%3$$1	qpowell@hotmail.com	Gerald Jones	Science writer	21	male	any	88.603673	66.061721
67	rodriguezrachel	Z7NFE)r++t	pbowers@hotmail.com	Laura Kelly	Research scientist (physical sciences)	25	female	male	1.539756	80.3787495
68	tmendoza	%rmBBXqXM7	katherinewatkins@yahoo.com	Julie Edwards	Surveyor, planning and development	19	non binary	any	-74.994220	14.047234
69	davidnixon	_74Retn@vj	rachel73@hotmail.com	Jonathan Yoder	Psychiatric nurse	23	male	male	108.859196	-7.1925925
70	joelclark	BkjXIt+l!1	murphyjustin@gmail.com	Robin Castro	Applications developer	21	non binary	any	139.559500	19.1791315
71	braymichael	61Quc9eS!&	hgarrett@yahoo.com	Christopher Wells	Manufacturing engineer	22	male	any	109.852470	8.090397
72	bryan88	$@4tzM$3wy	angela78@gmail.com	Scott White	Land	23	male	male	86.609054	88.423732
73	elizabeth57	n1DWTVb(@Z	michaelbyrd@yahoo.com	Andrew Owen	Nature conservation officer	19	male	any	-61.672559	83.2131205
74	kaitlynsanchez	X&1GsJ1z74	chapmanryan@yahoo.com	Miguel Solis	Engineer, mining	32	non binary	male	155.935045	0.692376
75	amandabecker	$7wrLU#b_l	rileycarlos@gmail.com	Andrew Cowan	Pensions consultant	27	male	any	-6.763249	-40.0095505
76	crystalcalhoun	#2T2lIVx3H	patriciajohnson@gmail.com	Timothy Hooper	Animal nutritionist	28	male	female	137.910075	2.4039365
77	njohnson	S$3Uazir&J	hjohnson@yahoo.com	Lance Mullen	Personal assistant	37	male	female	-172.582289	-44.5263565
78	rmorris	d!5MnrHD%X	campbellamy@yahoo.com	Stephanie Rodgers	Engineer, civil (consulting)	30	female	female	178.372911	41.7725225
79	michelle19	hz*UqUcO(0	linda76@gmail.com	Shaun Price	Medical sales representative	32	non binary	female	123.754820	-23.692753
80	michelle72	0Gg+IhDw*h	kristinbarnes@hotmail.com	Kathleen Johnston	Risk analyst	20	female	female	-1.999595	-58.665634
81	tracy07	@6F&VH$iYR	munozronald@hotmail.com	Norma Harris	Horticulturist, amenity	30	female	female	-37.117425	7.408593
82	campbelldustin	(70A2CzIUD	christinahawkins@hotmail.com	Alicia Wells	Amenity horticulturist	39	female	female	71.040765	-89.423462
83	greenjulie	J$sYs3Zn%5	scott30@hotmail.com	Shawn Kelly	Network engineer	40	male	male	52.288025	-8.344501
84	lcollins	l6Zs6lmf$(	vaughnchristopher@yahoo.com	Jason Young	Corporate investment banker	22	male	female	-169.909809	-22.770045
85	sherri95	pf7$5Bew^(	lblack@gmail.com	Natasha Bartlett	Financial risk analyst	29	female	any	-129.653612	69.5570375
86	yperez	&79#yQVxnf	ptodd@hotmail.com	Gary Kemp	Environmental health practitioner	26	male	male	72.660907	-62.3918295
87	matthewlittle	n!Kl4TmdSu	murrayjeffrey@yahoo.com	Kevin Mitchell	Secretary, company	27	male	female	-158.755279	-14.4525565
88	kellieberry	O+WaV&OZ&2	turnerjames@hotmail.com	Richard Gordon	Optometrist	29	non binary	male	90.601139	89.0907645
89	sanchezjames	z0R+Tijx#&	jimmy95@hotmail.com	Richard Silva	Ship broker	24	non binary	female	-123.432622	57.7902015
90	guerrerokathleen	_Cz9J)le&N	jessicapittman@hotmail.com	Michael Young	Heritage manager	38	male	any	152.755411	77.1300835
91	jaredadams	!UByv5@xM4	djones@gmail.com	John Hernandez	Marketing executive	38	male	any	171.232329	84.778146
92	stricklandlisa	+1CHz*i6m%	qaustin@gmail.com	Johnathan Villarreal	Transport planner	38	non binary	male	-100.619450	19.4723425
93	ybowman	E%O5hTbMW_	danielleramirez@hotmail.com	Anne King	Legal secretary	28	female	male	-131.504326	-36.901212
94	kenneth26	wv8(SIcb!l	rebeccamartinez@yahoo.com	Anthony Graves PhD	Energy engineer	20	male	female	50.133067	58.089706
95	williamknight	+5Ec3ZauBw	fwhitaker@gmail.com	Angela Wagner	Accountant, chartered certified	27	female	female	135.253649	5.736006
96	karen23	UA4gNgvb)#	tony26@hotmail.com	Shawn Stark	Scientist, clinical (histocompatibility and immunogenetics)	30	male	female	-27.129480	-72.9775385
97	jonestodd	5j1X1aFsw#	hcarter@yahoo.com	Dawn Brandt	Dispensing optician	23	non binary	female	67.997101	83.697870
98	madison77	X17h*OQc(F	dbutler@hotmail.com	Julia Casey	Field trials officer	28	female	any	101.051262	-23.236241
99	michael39	O37TeZDc&(	orivera@yahoo.com	Shannon Robinson	Insurance claims handler	18	female	female	42.144200	62.948594
100	sarah95	tFb6GJcC_G	michaelmartin@gmail.com	Autumn Smith	Producer, radio	28	female	any	54.951002	-31.287903
101	oliviaanderson	r#8KDje*X)	tpearson@hotmail.com	Heather Graham	Community development worker	36	non binary	male	175.885404	42.3038355
102	lozanocharles	%3KGeTtEXd	aarnold@yahoo.com	Steven Holt	Youth worker	35	male	male	117.758471	25.889372
103	tfrey	^Cb7SuCtEq	jadkins@yahoo.com	Tyler Richardson	Animal technologist	30	non binary	any	85.354402	-40.2935605
104	carriehenderson	#5RW*dLrPy	plee@gmail.com	John Cole	Designer, furniture	31	male	male	77.727644	57.681162
105	marycarlson	lO^M_2Mz^#	fitzpatrickmary@gmail.com	William Smith	Social researcher	24	male	male	30.075058	86.9498665
106	william73	U+^D0DVySG	paulrussell@yahoo.com	Emily Nixon	Amenity horticulturist	22	non binary	male	39.876083	51.4375985
107	valerie80	Vxg!5ZUv62	debra52@yahoo.com	Rachel Banks	Editor, magazine features	31	female	male	142.435267	83.783717
108	nancy14	L@9MU@dX!y	oreyes@yahoo.com	Bryan Ballard	Advertising account planner	22	male	female	-74.235423	43.9623715
109	nicole61	!b1EZbPgq#	qvalenzuela@gmail.com	Garrett Neal	Engineer, manufacturing systems	33	non binary	male	-19.659762	76.571952
110	gsanders	A5SpUULn#P	brooke86@yahoo.com	Anna Carter	Contractor	21	female	male	126.214654	-6.7169965
111	poolebrett	6*Ag9Tkhn!	danielruiz@gmail.com	Melissa Rogers	Furniture conservator/restorer	29	female	female	112.460319	89.810521
112	upotter	u(2QDKtBnl	sandovalelizabeth@hotmail.com	Kimberly Sampson	General practice doctor	22	non binary	male	-136.935367	33.9961985
113	sarahgibbs	_D3Hv&Wch#	michelenewman@gmail.com	Brittany Schmidt	Museum/gallery exhibitions officer	20	non binary	male	-134.187718	-1.4707615
114	joneskelly	UH4JtF3r@y	tracymoody@hotmail.com	Elizabeth Thompson	Travel agency manager	36	female	male	-83.489725	71.253512
115	elizabethwilson	r#%6R7DlL!	qbruce@gmail.com	Brooke Lewis	Pathologist	37	non binary	male	119.356555	62.040513
116	lopezmegan	(9ByMDiz94	eromero@yahoo.com	Christina Holt	Catering manager	19	female	female	50.608175	-26.7366355
117	jonesshawn	R9@(XGfC*B	johnsonalejandro@hotmail.com	Jacob Robinson	Occupational hygienist	26	male	any	45.124036	76.719406
118	pcollins	%8urNgFbQZ	bbarajas@hotmail.com	Robert Dorsey	Museum/gallery exhibitions officer	36	male	male	108.604014	-18.6864205
119	ublevins	O+99NiwhoN	keith95@gmail.com	John Osborne	Health physicist	18	male	female	-91.226062	36.454108
120	audreypacheco	#xw)UOzk8B	mcbridetonya@gmail.com	Whitney Cummings	Product designer	22	non binary	female	8.951050	-47.7826905
121	eric51	@TrM@l9z4W	burnsmario@gmail.com	Angela Johnson DDS	Sales professional, IT	23	non binary	any	-118.514077	89.778644
122	jcobb	*Vc72$Xv1^	harrisonkevin@gmail.com	Debra Vargas	Dispensing optician	35	female	female	64.737570	27.8238465
123	joseph33	o_!9IfR66&	sydney28@hotmail.com	Courtney Caldwell	Trade mark attorney	34	female	female	-10.020168	85.7593085
124	pchapman	m7CGNflV)T	christophermedina@hotmail.com	Stanley Whitney	Naval architect	27	non binary	any	101.377615	84.0557835
125	vrich	cKr5bfNim_	steven36@yahoo.com	Steven Gill	Airline pilot	20	male	male	-11.478370	-60.6688155
126	danielnichols	mj%@5ChpZ@	gharris@gmail.com	Dr. Katie Lang	Physiotherapist	32	female	female	119.241938	80.0682395
127	kathleen32	!N7rN2Ixy@	angelahernandez@gmail.com	Patrick Hall	Engineer, site	33	male	female	-47.549435	59.016449
128	erinrice	&rmaEQJ5m4	zsantos@yahoo.com	Brent Carr	Lobbyist	39	non binary	male	-52.417675	-21.2758125
129	caleb37	u*fy1LW^jz	denise73@gmail.com	Jorge Hunt	Conservator, museum/gallery	26	male	any	2.693643	20.940434
130	moralesraymond	7kCzcKfw$U	margaretgibson@gmail.com	Kathleen Lewis	Civil Service fast streamer	22	female	female	19.591151	59.0534855
131	rickyrobles	*5Fz*lK1AZ	ebonysharp@gmail.com	Shelly Myers	Jewellery designer	30	female	male	-157.826363	34.720640
132	gordonlori	$_8WY9QKId	tamara04@gmail.com	James Dunn	Herpetologist	19	male	female	117.637468	-80.4336165
133	eward	(i_@n4Gl#Q	ostewart@yahoo.com	Lynn Gonzalez	Biomedical scientist	27	female	female	-34.031744	20.1450435
134	johnsonthomas	QrGOpyg)@9	andrea64@yahoo.com	Jacob Jimenez	Statistician	34	male	male	24.105292	-45.4132335
135	william64	QQ5PnEOka$	ericamurphy@gmail.com	Lucas Lopez	Heritage manager	38	male	male	-71.542354	-45.7996755
136	hollowaysteve	1G0L4_Ps*i	myersrichard@gmail.com	Joseph Moore	Teaching laboratory technician	24	non binary	male	105.901942	66.823063
137	kcampbell	ys7Y@wKM*v	klinekelly@yahoo.com	Daniel West	Therapist, drama	21	male	any	-122.367230	-64.1033595
138	allenmunoz	*CuBkZvd)4	daniel31@hotmail.com	Jeremy Collins	Plant breeder/geneticist	20	male	male	112.989995	41.947313
139	darlene06	wz3LcYUl)c	mbrown@gmail.com	Kim Mendoza	Child psychotherapist	34	non binary	any	-148.540023	-1.4756425
140	dannyprice	6xra1zFd^V	mlarson@gmail.com	Daryl Anderson	Early years teacher	32	male	female	61.962806	15.7352535
141	cohenthomas	Jh1kE!D5@4	joewilson@yahoo.com	Carolyn Gray	Curator	19	female	female	108.601479	57.8728765
142	wolfescott	1)0IT86jr2	henryjoseph@gmail.com	David Richards	Surveyor, mining	34	non binary	any	6.697564	13.069825
143	sharon31	P!1J!H3_Rh	courtneystewart@hotmail.com	Aaron Vega	Product designer	40	male	any	-26.496074	-1.792292
144	markfoley	%5QKOayz_%	craigpitts@hotmail.com	Kathleen Johnson	Furniture conservator/restorer	25	non binary	any	68.324629	-43.055364
145	whitemichelle	&%CNAt#i4m	wblevins@hotmail.com	Phyllis Erickson	Field trials officer	32	female	male	-179.122482	52.7417555
146	sarah79	M3BJQdf!!5	cpoole@yahoo.com	Felicia Thomas	Orthoptist	28	female	female	-2.619407	-3.2815215
147	sotojeremy	qn9MQedKe&	salazaramanda@yahoo.com	Rebecca Ho	Bookseller	29	female	any	-102.606691	-57.5684085
148	nealrobin	d3_g5P6b^p	douglas71@gmail.com	Lori Ballard	Communications engineer	37	female	any	2.877733	-52.8915325
149	robertsantana	(P4O^xx__+	chad23@gmail.com	Rachel Williams	Civil Service fast streamer	31	non binary	female	-24.983257	24.463143
150	ashley63	mkJ31&Mj8@	lwebster@yahoo.com	Dr. Walter Martinez	Therapist, nutritional	23	male	male	-43.905296	79.632599
151	grahamlisa	iv%#1OWaKy	vegarobert@hotmail.com	Don Johnson	Interior and spatial designer	40	male	male	-147.808938	46.790713
152	garybarr	4&lCpP(z&M	dennis61@hotmail.com	Edward Roach	Programmer, multimedia	31	male	male	-40.263056	-36.6765095
153	martinkenneth	*d7Vxow4ZI	vclark@yahoo.com	Kenneth Aguilar	Transport planner	26	male	any	-120.585727	86.479273
154	brennanmichael	)z$nEj_g70	stevendunn@yahoo.com	Jose Weaver	Pathologist	20	male	female	48.625778	80.463977
155	fletcherpatrick	Dk1jSlcX^i	sarah26@yahoo.com	Kevin Williams	Dentist	19	non binary	female	-13.225505	-30.0749435
156	hflores	&&Xpj16B0v	weaversean@yahoo.com	Jennifer Payne	Engineer, site	19	female	male	63.380178	16.1588915
157	jilliancasey	582B0j_P^d	johnsonjared@gmail.com	Heather Aguirre	Public house manager	22	non binary	male	39.625568	78.5024765
158	elizabethmercer	xX3j3TUxF%	ealvarez@yahoo.com	Roger Jones	Surveyor, minerals	35	male	male	43.383364	12.714740
159	holly46	7S$7N0sco+	kelleyandrew@hotmail.com	Kelly Boyle MD	Surveyor, land/geomatics	37	non binary	male	-97.202127	-16.3044795
160	stewartbrian	TP47Xh42%8	david87@yahoo.com	Jennifer Wright	Personal assistant	22	female	male	119.774292	-59.398341
161	ccastillo	Fz+9!4OzLY	john75@hotmail.com	Kenneth Watson	Theatre manager	27	male	female	-126.465142	15.135527
162	jonesjonathan	_5JmLbC6^C	roger51@yahoo.com	Lori Brady	Teacher, primary school	30	female	female	-103.454233	-66.4193025
163	stewartkevin	C)(O8Jru@P	timothy38@gmail.com	Amber Henderson	Location manager	31	female	male	-177.830527	-26.5885625
164	jasmine76	4FQwhF*l@9	iwatson@gmail.com	Crystal Matthews	Armed forces logistics/support/administrative officer	24	female	female	170.053748	-46.2442445
165	jeffrey05	8Pw4#!bj!2	gibsontara@hotmail.com	Jose Graham	Technical author	27	non binary	male	-112.434155	41.378722
166	andrewmorales	1k#8_EB33#	davidellis@yahoo.com	Philip Collins	Commercial art gallery manager	34	male	any	-75.075639	-78.617984
167	dianawilliams	%8PW4X5hZT	jyoung@yahoo.com	Sara Merritt	Development worker, community	39	female	male	123.823456	-22.2160595
168	david12	&e&23FTirO	uhall@gmail.com	Willie Newman	Wellsite geologist	29	non binary	female	-155.929897	-53.088563
169	christinewalker	w+6YZZoP6G	inelson@hotmail.com	Michael Taylor	Public affairs consultant	36	non binary	any	160.064224	36.070644
170	erin54	$qINH_Ct83	wallacejennifer@yahoo.com	Kelly Miller	English as a foreign language teacher	32	non binary	female	50.765245	32.247005
171	joseph24	a521fNgU)R	harperrebekah@yahoo.com	Mrs. Marie Wallace PhD	Teacher, early years/pre	25	non binary	female	-9.376769	13.671541
172	carol05	(aPdY4HdEA	barrymiller@gmail.com	Brandon Kelley	Landscape architect	30	non binary	male	-15.161842	64.5195795
173	jpatrick	*Fe)4TxgNU	kmorris@gmail.com	Bailey Flores	Bookseller	30	female	male	176.382381	-11.2921075
174	gabriela39	)5RP(t8d4o	tjenkins@yahoo.com	Ronald Garcia	Patent examiner	28	male	any	81.778902	6.0701115
175	michael93	2!)dYc*k!h	josephcooke@yahoo.com	Donna Roach	Company secretary	33	female	any	41.733912	17.310275
176	grayvalerie	bT686LYux%	smithkelly@gmail.com	Stacey Johnson	Tourism officer	37	female	female	-61.558752	42.2260525
177	gregoryrobbins	%v5IJj_O0W	melissabaker@gmail.com	Nicholas Moran	Further education lecturer	35	non binary	male	-133.223892	-25.406645
178	pperez	+O7Y7xDqRH	mcgeejohn@gmail.com	Yolanda Warner	Conservator, furniture	35	female	female	-23.966424	-8.665300
179	reedmikayla	gl@3$O7m$p	dannymcdaniel@gmail.com	Michael Garrett	Education officer, environmental	28	non binary	female	-118.485527	-57.186851
180	maxwellnathan	!SPM#Xhp55	lacey59@gmail.com	Bradley Mcguire	Scientist, research (physical sciences)	23	male	female	175.492461	-48.8633195
181	trevoravery	L^Nn$zoZ&6	robert96@gmail.com	Shannon Brown	Ceramics designer	29	female	male	-91.193855	-7.198726
182	lindabarrett	^61D!eLw&I	devonwyatt@gmail.com	Jonathan Jacobs	Restaurant manager, fast food	34	male	any	-172.841084	-67.982554
183	kimberly94	ina9NXdM(y	thomasrosales@gmail.com	William Roberts	Lexicographer	38	male	male	-46.326171	-48.0955545
184	sabrina14	qT7*UyTm%b	cordovajonathan@yahoo.com	Erik Williams	Cytogeneticist	22	male	female	-84.286390	-85.5643665
185	jhutchinson	jp@4zBKw*z	lawsondustin@yahoo.com	Stephanie Richards	Broadcast journalist	21	non binary	any	5.528183	23.0172705
186	michele40	HT8yTA+oA$	petersoncraig@yahoo.com	Rebecca Anderson	Building surveyor	31	female	any	-46.917419	-36.895157
187	joseph32	3mLhh0Tp%C	larsenmaria@hotmail.com	Jacob Hoffman	Conference centre manager	22	male	any	-103.702042	38.345897
188	oscott	+A60iOb)d9	vreynolds@yahoo.com	Evan Allen	Management consultant	31	non binary	male	-112.845133	27.0802635
189	websterglen	5Zv9J9(k(y	donna51@yahoo.com	Michelle Lopez	Call centre manager	23	non binary	female	151.781407	39.860618
190	greenmichael	Mq5(%3BtFD	sharon17@yahoo.com	Emily Sheppard	Agricultural consultant	28	female	male	-117.468567	-20.8641195
191	harriserin	d$2hRwn51f	krobinson@gmail.com	Eric Roach	Writer	22	male	any	-126.310968	50.7678585
192	bbeck	UzqxST9D$4	jennifermendoza@yahoo.com	Lisa Brown	Hospital doctor	40	non binary	any	100.238118	80.691709
193	vanessa84	#xn13sQnGx	christinecalhoun@hotmail.com	Cindy Sullivan DDS	Chief Executive Officer	28	non binary	female	141.743294	56.314240
194	seanbradley	yp45G3HA$^	knappsierra@hotmail.com	Jackson Martinez	Materials engineer	30	male	any	69.434272	22.644390
195	brian46	vtE8thUG^&	stephanie58@yahoo.com	Alejandro Kelly	Fast food restaurant manager	18	male	any	-114.005909	-65.9668975
196	dennis37	X*A6XlTBaB	kevin24@yahoo.com	Laura Edwards	Lecturer, further education	29	non binary	female	-33.615157	86.8261805
197	padillamelissa	lPv0QRNiR&	james69@hotmail.com	Jeffrey Aguilar	Social worker	27	male	any	-178.932251	-83.918067
198	schaeferdavid	@7B@d(^t6M	russellkevin@hotmail.com	Cheryl Lopez	Producer, television/film/video	31	female	any	108.212681	8.5471795
199	christina34	^17ZSbpMv1	tatemichael@yahoo.com	Amy Chapman	Surveyor, land/geomatics	34	female	female	-152.379290	-41.9388075
200	christophernoble	1j57Wk2SH%	edwardsangela@gmail.com	Ryan Franklin	Therapist, horticultural	35	male	any	-25.891033	9.2939335
